name;email;age;salary;isActive
Lonny;Kole71@gmail.com;27;25804;true
Hildegard;Raoul.Kihn68@yahoo.com;29;36085;true
Destin;Haylee.Wisoky71@gmail.com;12;21555;true
Abelardo;Selmer_Walter79@yahoo.com;4;34410;false
Emilio;Jerrold_Padberg@hotmail.com;24;26036;false
Jerome;Darian.Johnson@yahoo.com;31;25784;true
Mable;Maureen_Stracke25@yahoo.com;28;34718;true
Verla;Mia61@yahoo.com;31;25916;true
Amari;Jabari98@hotmail.com;21;36877;false
Leonie;Mertie.Schroeder@gmail.com;17;24092;false
Felton;Darryl.Weimann@gmail.com;10;20651;true
Orion;Afton_Upton71@hotmail.com;12;30031;true
Fred;Dax4@gmail.com;30;23265;true
Minerva;Kennith_Hirthe@gmail.com;33;28288;false
Darrin;Kareem67@gmail.com;5;39369;true
Camylle;Janice_Sanford23@hotmail.com;1;27452;true
Lula;Josiane_Cummerata0@hotmail.com;3;32040;false
Maya;Lenore17@gmail.com;28;36216;false
Jeff;Joelle.Collier53@gmail.com;40;33425;true
Clark;Dee24@gmail.com;1;29000;true
Caesar;Adolfo.Kuhic@hotmail.com;30;23900;true
Chelsey;Ernie_Kuhlman@yahoo.com;13;25202;true
Flavio;Pat41@gmail.com;32;38667;false
Darrel;Alf.Sawayn-Lind56@yahoo.com;29;32652;true
Laila;Saige_Bednar@hotmail.com;9;31544;false
Lindsey;Fermin10@yahoo.com;5;30847;false
Ellsworth;Sammie_Swaniawski@hotmail.com;33;32872;true
Camron;Marilyne.Kertzmann75@gmail.com;9;36788;true
Davion;Jazmyn98@hotmail.com;9;36572;false
Terrell;Scot_Metz1@gmail.com;33;34550;true
Casey;Isabelle_Harber@hotmail.com;4;28744;true
Donnell;Fannie58@gmail.com;12;37940;false
Penelope;Lelia53@yahoo.com;36;28283;true
Jean;Lonie63@hotmail.com;11;23205;false
Elnora;Celestine58@gmail.com;12;22188;true
Lou;Kali_Lind71@gmail.com;38;21659;true
Consuelo;Brock83@hotmail.com;33;34235;false
Vince;Madalyn_Balistreri17@hotmail.com;28;36446;false
Joelle;Demarco19@hotmail.com;20;39877;false
Ahmad;Jimmie.OKeefe47@yahoo.com;23;32106;true
Destany;Michelle_Franecki82@yahoo.com;15;27669;false
Maryam;Okey_Wunsch@hotmail.com;40;20359;false
Savannah;Gabrielle_Hand30@yahoo.com;7;31730;false
Vernice;Elena.Schmeler0@yahoo.com;9;25828;false
Izaiah;Kody_Williamson22@yahoo.com;17;31320;true
Johnpaul;Britney_Gorczany-Abshire@gmail.com;36;39855;true
Caleigh;Wayne24@gmail.com;36;28287;true
Jack;Ivy15@gmail.com;4;29666;true
Krystel;Elmore.Stroman@hotmail.com;28;38001;true
Cordia;Princess22@yahoo.com;20;36088;true
Cordelia;Izaiah.Blick@yahoo.com;3;21825;true
Cooper;Torrey85@yahoo.com;3;39868;true
Berry;Regan_Funk@yahoo.com;16;36926;true
Armand;Alberto.Vandervort84@yahoo.com;21;36662;false
Marcelino;Diamond86@yahoo.com;18;30125;false
Cheyenne;Arnulfo_Durgan@gmail.com;3;21901;true
Jairo;Virgil.Hamill@hotmail.com;30;31497;true
Isom;Camryn.McCullough-Strosin@gmail.com;38;24203;true
Yasmine;Malika_Tillman@gmail.com;37;23274;false
Alycia;Camryn1@gmail.com;6;31324;false
Toy;Henri_Huels7@yahoo.com;16;29990;true
Carey;Cathrine_Herzog7@yahoo.com;7;32660;false
Tom;Elisha.Grady@hotmail.com;32;23164;true
Jimmy;Kristofer_Rolfson35@hotmail.com;38;21257;false
Myrtis;Ollie.Willms@gmail.com;39;39438;true
Salma;Maria52@gmail.com;37;26586;false
Presley;Kolby_Rodriguez@yahoo.com;3;29772;false
Cynthia;Declan_Boyer@gmail.com;34;39859;true
Aimee;Laurence.Berge82@yahoo.com;18;20818;false
Jaleel;Guy_Miller45@yahoo.com;38;26545;false
Deven;Victor68@hotmail.com;25;29594;false
Willa;Lizzie.Feeney@hotmail.com;30;26130;true
Norene;Cassie81@yahoo.com;3;28370;false
Amir;Nathan6@yahoo.com;4;36430;true
Michael;Tatum95@yahoo.com;30;23036;true
Rhianna;Spencer.Kertzmann45@yahoo.com;35;38548;false
Monty;Hillary_Kilback23@yahoo.com;40;25960;false
Sarai;Enos92@hotmail.com;40;27016;true
Rosemary;Akeem88@gmail.com;29;34581;false
Brittany;Rowan.Schneider1@yahoo.com;3;36570;false
Mireille;Everardo20@gmail.com;34;26122;true
Sammy;Carlos19@hotmail.com;35;29318;false
Marguerite;Asa_Wisoky19@gmail.com;30;34592;false
Newell;Shea18@yahoo.com;40;20932;false
Erin;Willy.Rice@gmail.com;28;36183;false
Marlene;Ephraim.Lockman9@hotmail.com;22;35685;true
Holden;Jean42@hotmail.com;32;38246;true
Myriam;Sigurd80@gmail.com;25;27137;true
Khalid;Noah.Ferry86@hotmail.com;26;37859;true
Griffin;Gerda_Ruecker19@yahoo.com;30;36524;true
Gunnar;Ivy9@yahoo.com;26;20845;true
Kelvin;Halie_Schuppe13@yahoo.com;4;25302;true
Jerome;Angelita_Hintz-Dietrich@gmail.com;26;37808;false
Grady;Salma.Durgan@yahoo.com;28;32208;false
Filiberto;Aida_Wuckert@hotmail.com;5;33472;true
Aracely;Julie96@gmail.com;18;35598;true
Edward;Augustine.Gleason58@yahoo.com;15;37648;false
Maude;Lila.Heathcote76@yahoo.com;21;32561;true
Seth;Floyd_Lindgren@gmail.com;2;36820;false
Alia;Jamaal_Moore76@hotmail.com;19;25177;true
